0,https://book.douban.com/tag/小说
1,https://book.douban.com/tag/外国文学
2,https://book.douban.com/tag/文学
3,https://book.douban.com/tag/随笔
4,https://book.douban.com/tag/中国文学
5,https://book.douban.com/tag/经典
6,https://book.douban.com/tag/日本文学
7,https://book.douban.com/tag/散文
8,https://book.douban.com/tag/村上春树
9,https://book.douban.com/tag/诗歌
10,https://book.douban.com/tag/童话
11,https://book.douban.com/tag/儿童文学
12,https://book.douban.com/tag/名著
13,https://book.douban.com/tag/古典文学
14,https://book.douban.com/tag/王小波
15,https://book.douban.com/tag/余华
16,https://book.douban.com/tag/杂文
17,https://book.douban.com/tag/张爱玲
18,https://book.douban.com/tag/当代文学
19,https://book.douban.com/tag/外国名著
20,https://book.douban.com/tag/钱钟书
21,https://book.douban.com/tag/鲁迅
22,https://book.douban.com/tag/诗词
23,https://book.douban.com/tag/茨威格
24,https://book.douban.com/tag/米兰·昆德拉
25,https://book.douban.com/tag/杜拉斯
26,https://book.douban.com/tag/港台
27,https://book.douban.com/tag/漫画
28,https://book.douban.com/tag/推理
29,https://book.douban.com/tag/绘本
30,https://book.douban.com/tag/青春
31,https://book.douban.com/tag/东野圭吾
32,https://book.douban.com/tag/科幻
33,https://book.douban.com/tag/悬疑
34,https://book.douban.com/tag/言情
35,https://book.douban.com/tag/奇幻
36,https://book.douban.com/tag/武侠
37,https://book.douban.com/tag/推理小说
38,https://book.douban.com/tag/日本漫画
39,https://book.douban.com/tag/耽美
40,https://book.douban.com/tag/韩寒
41,https://book.douban.com/tag/亦舒
42,https://book.douban.com/tag/网络小说
43,https://book.douban.com/tag/三毛
44,https://book.douban.com/tag/科幻小说
45,https://book.douban.com/tag/阿加莎·克里斯蒂
46,https://book.douban.com/tag/安妮宝贝
47,https://book.douban.com/tag/金庸
48,https://book.douban.com/tag/穿越
49,https://book.douban.com/tag/郭敬明
50,https://book.douban.com/tag/轻小说
51,https://book.douban.com/tag/魔幻
52,https://book.douban.com/tag/青春文学
53,https://book.douban.com/tag/几米
54,https://book.douban.com/tag/幾米
55,https://book.douban.com/tag/J.K.罗琳
56,https://book.douban.com/tag/张小娴
57,https://book.douban.com/tag/古龙
58,https://book.douban.com/tag/高木直子
59,https://book.douban.com/tag/校园
60,https://book.douban.com/tag/沧月
61,https://book.douban.com/tag/余秋雨
62,https://book.douban.com/tag/落落
63,https://book.douban.com/tag/历史
64,https://book.douban.com/tag/心理学
65,https://book.douban.com/tag/哲学
66,https://book.douban.com/tag/传记
67,https://book.douban.com/tag/社会学
68,https://book.douban.com/tag/文化
69,https://book.douban.com/tag/艺术
70,https://book.douban.com/tag/社会
71,https://book.douban.com/tag/设计
72,https://book.douban.com/tag/政治
73,https://book.douban.com/tag/建筑
74,https://book.douban.com/tag/宗教
75,https://book.douban.com/tag/电影
76,https://book.douban.com/tag/政治学
77,https://book.douban.com/tag/数学
78,https://book.douban.com/tag/中国历史
79,https://book.douban.com/tag/回忆录
80,https://book.douban.com/tag/思想
81,https://book.douban.com/tag/国学
82,https://book.douban.com/tag/人物传记
83,https://book.douban.com/tag/艺术史
84,https://book.douban.com/tag/人文
85,https://book.douban.com/tag/音乐
86,https://book.douban.com/tag/绘画
87,https://book.douban.com/tag/戏剧
88,https://book.douban.com/tag/西方哲学
89,https://book.douban.com/tag/二战
90,https://book.douban.com/tag/近代史
91,https://book.douban.com/tag/军事
92,https://book.douban.com/tag/佛教
93,https://book.douban.com/tag/考古
94,https://book.douban.com/tag/自由主义
95,https://book.douban.com/tag/美术
96,https://book.douban.com/tag/爱情
97,https://book.douban.com/tag/成长
98,https://book.douban.com/tag/生活
99,https://book.douban.com/tag/旅行
100,https://book.douban.com/tag/心理
101,https://book.douban.com/tag/励志
102,https://book.douban.com/tag/女性
103,https://book.douban.com/tag/摄影
104,https://book.douban.com/tag/教育
105,https://book.douban.com/tag/职场
106,https://book.douban.com/tag/美食
107,https://book.douban.com/tag/游记
108,https://book.douban.com/tag/灵修
109,https://book.douban.com/tag/健康
110,https://book.douban.com/tag/情感
111,https://book.douban.com/tag/人际关系
112,https://book.douban.com/tag/两性
113,https://book.douban.com/tag/手工
114,https://book.douban.com/tag/养生
115,https://book.douban.com/tag/家居
116,https://book.douban.com/tag/自助游
117,https://book.douban.com/tag/经济学
118,https://book.douban.com/tag/管理
119,https://book.douban.com/tag/经济
120,https://book.douban.com/tag/商业
121,https://book.douban.com/tag/金融
122,https://book.douban.com/tag/投资
123,https://book.douban.com/tag/营销
124,https://book.douban.com/tag/理财
125,https://book.douban.com/tag/创业
126,https://book.douban.com/tag/股票
127,https://book.douban.com/tag/广告
128,https://book.douban.com/tag/企业史
129,https://book.douban.com/tag/策划
130,https://book.douban.com/tag/科普
131,https://book.douban.com/tag/互联网
132,https://book.douban.com/tag/编程
133,https://book.douban.com/tag/科学
134,https://book.douban.com/tag/交互设计
135,https://book.douban.com/tag/用户体验
136,https://book.douban.com/tag/算法
137,https://book.douban.com/tag/科技
138,https://book.douban.com/tag/web
139,https://book.douban.com/tag/交互
140,https://book.douban.com/tag/UE
141,https://book.douban.com/tag/通信
142,https://book.douban.com/tag/UCD
143,https://book.douban.com/tag/神经网络
144,https://book.douban.com/tag/程序
